<?xml version="1.0" encoding="UTF-8"?>
<!DOCTYPE mapper PUBLIC "-//mybatis.org//DTD Mapper 3.0//EN" "http://mybatis.org/dtd/mybatis-3-mapper.dtd">
<mapper namespace="cn.com.flaginfo.dao.Dept2UserMapper">
  <resultMap id="BaseResultMap" type="cn.com.flaginfo.pojo.Dept2User">
    <result column="DEPT_ID" jdbcType="VARCHAR" property="deptId" />
    <result column="USER_ID" jdbcType="VARCHAR" property="userId" />
  </resultMap>
  <insert id="insert" parameterType="cn.com.flaginfo.pojo.Dept2User">
    insert into dept_user (DEPT_ID, USER_ID)
    values (#{deptId,jdbcType=VARCHAR}, #{userId,jdbcType=VARCHAR})
  </insert>
  <insert id="insertSelective" parameterType="cn.com.flaginfo.pojo.Dept2User">
    insert into dept_user
    <trim prefix="(" suffix=")" suffixOverrides=",">
      <if test="deptId != null">
        DEPT_ID,
      </if>
      <if test="userId != null">
        USER_ID,
      </if>
    </trim>
    <trim prefix="values (" suffix=")" suffixOverrides=",">
      <if test="deptId != null">
        #{deptId,jdbcType=VARCHAR},
      </if>
      <if test="userId != null">
        #{userId,jdbcType=VARCHAR},
      </if>
    </trim>
  </insert>
</mapper>