<?xml version="1.0" encoding="UTF-8"?>
<!DOCTYPE mapper PUBLIC "-//mybatis.org//DTD Mapper 3.0//EN" "http://mybatis.org/dtd/mybatis-3-mapper.dtd">
<mapper namespace="cn.com.flaginfo.dao.PersonHonourMapper">
  <resultMap id="BaseResultMap" type="cn.com.flaginfo.pojo.PersonHonour">
    <id column="ID" jdbcType="VARCHAR" property="id" />
    <result column="TITLE" jdbcType="VARCHAR" property="title" />
    <result column="NUM" jdbcType="VARCHAR" property="num" />
    <result column="SUBMIT_BY" jdbcType="VARCHAR" property="submitBy" />
    <result column="SUBMIT_NAME" jdbcType="VARCHAR" property="submitName" />
    <result column="SUB_ROLE_ID" jdbcType="VARCHAR" property="subRoleId" />
    <result column="SUB_ROLE_NAME" jdbcType="VARCHAR" property="subRoleName" />
    <result column="SUB_DEPT_ID" jdbcType="VARCHAR" property="subDeptId" />
    <result column="SUB_DEPT_NAME" jdbcType="VARCHAR" property="subDeptName" />
    <result column="STATE" jdbcType="VARCHAR" property="state" />
    <result column="CONTENT" jdbcType="VARCHAR" property="content" />
    <result column="LOOK_COUNT" jdbcType="INTEGER" property="lookCount" />
    <result column="COMMENT_COUNT" jdbcType="INTEGER" property="commentCount" />
    <result column="CREATE_BY" jdbcType="VARCHAR" property="createBy" />
    <result column="CREATE_DATE" jdbcType="VARCHAR" property="createDate" />
    <result column="UPDATE_BY" jdbcType="VARCHAR" property="updateBy" />
    <result column="UPDATE_DATE" jdbcType="TIMESTAMP" property="updateDate" />
    <result column="DEL_FLAG" jdbcType="VARCHAR" property="delFlag" />
  </resultMap>
  <sql id="Base_Column_List">
    ID, TITLE, NUM, SUBMIT_BY, SUBMIT_NAME, SUB_ROLE_ID, SUB_ROLE_NAME, SUB_DEPT_ID, 
    SUB_DEPT_NAME, STATE, CONTENT, LOOK_COUNT, COMMENT_COUNT, CREATE_BY, CREATE_DATE, 
    UPDATE_BY, UPDATE_DATE, DEL_FLAG
  </sql>
  <select id="selectByPrimaryKey" parameterType="java.lang.String" resultMap="BaseResultMap">
    select 
    <include refid="Base_Column_List" />
    from t_honour
    where ID = #{id,jdbcType=VARCHAR}
  </select>
  <delete id="deleteByPrimaryKey" parameterType="java.lang.String">
    delete from t_honour
    where ID = #{id,jdbcType=VARCHAR}
  </delete>
  <insert id="insert" parameterType="cn.com.flaginfo.pojo.PersonHonour">
    insert into t_honour (ID, TITLE, NUM, 
      SUBMIT_BY, SUBMIT_NAME, SUB_ROLE_ID, 
      SUB_ROLE_NAME, SUB_DEPT_ID, SUB_DEPT_NAME, 
      STATE, CONTENT, LOOK_COUNT, 
      COMMENT_COUNT, CREATE_BY, CREATE_DATE, 
      UPDATE_BY, UPDATE_DATE, DEL_FLAG
      )
    values (#{id,jdbcType=VARCHAR}, #{title,jdbcType=VARCHAR}, #{num,jdbcType=VARCHAR}, 
      #{submitBy,jdbcType=VARCHAR}, #{submitName,jdbcType=VARCHAR}, #{subRoleId,jdbcType=VARCHAR}, 
      #{subRoleName,jdbcType=VARCHAR}, #{subDeptId,jdbcType=VARCHAR}, #{subDeptName,jdbcType=VARCHAR}, 
      #{state,jdbcType=VARCHAR}, #{content,jdbcType=VARCHAR}, #{lookCount,jdbcType=INTEGER}, 
      #{commentCount,jdbcType=INTEGER}, #{createBy,jdbcType=VARCHAR}, #{createDate,jdbcType=VARCHAR}, 
      #{updateBy,jdbcType=VARCHAR}, #{updateDate,jdbcType=TIMESTAMP}, #{delFlag,jdbcType=VARCHAR}
      )
  </insert>
  <insert id="insertSelective" parameterType="cn.com.flaginfo.pojo.PersonHonour">
    insert into t_honour
    <trim prefix="(" suffix=")" suffixOverrides=",">
      <if test="id != null">
        ID,
      </if>
      <if test="title != null">
        TITLE,
      </if>
      <if test="num != null">
        NUM,
      </if>
      <if test="submitBy != null">
        SUBMIT_BY,
      </if>
      <if test="submitName != null">
        SUBMIT_NAME,
      </if>
      <if test="subRoleId != null">
        SUB_ROLE_ID,
      </if>
      <if test="subRoleName != null">
        SUB_ROLE_NAME,
      </if>
      <if test="subDeptId != null">
        SUB_DEPT_ID,
      </if>
      <if test="subDeptName != null">
        SUB_DEPT_NAME,
      </if>
      <if test="state != null">
        STATE,
      </if>
      <if test="content != null">
        CONTENT,
      </if>
      <if test="lookCount != null">
        LOOK_COUNT,
      </if>
      <if test="commentCount != null">
        COMMENT_COUNT,
      </if>
      <if test="createBy != null">
        CREATE_BY,
      </if>
      <if test="createDate != null">
        CREATE_DATE,
      </if>
      <if test="updateBy != null">
        UPDATE_BY,
      </if>
      <if test="updateDate != null">
        UPDATE_DATE,
      </if>
      <if test="delFlag != null">
        DEL_FLAG,
      </if>
    </trim>
    <trim prefix="values (" suffix=")" suffixOverrides=",">
      <if test="id != null">
        #{id,jdbcType=VARCHAR},
      </if>
      <if test="title != null">
        #{title,jdbcType=VARCHAR},
      </if>
      <if test="num != null">
        #{num,jdbcType=VARCHAR},
      </if>
      <if test="submitBy != null">
        #{submitBy,jdbcType=VARCHAR},
      </if>
      <if test="submitName != null">
        #{submitName,jdbcType=VARCHAR},
      </if>
      <if test="subRoleId != null">
        #{subRoleId,jdbcType=VARCHAR},
      </if>
      <if test="subRoleName != null">
        #{subRoleName,jdbcType=VARCHAR},
      </if>
      <if test="subDeptId != null">
        #{subDeptId,jdbcType=VARCHAR},
      </if>
      <if test="subDeptName != null">
        #{subDeptName,jdbcType=VARCHAR},
      </if>
      <if test="state != null">
        #{state,jdbcType=VARCHAR},
      </if>
      <if test="content != null">
        #{content,jdbcType=VARCHAR},
      </if>
      <if test="lookCount != null">
        #{lookCount,jdbcType=INTEGER},
      </if>
      <if test="commentCount != null">
        #{commentCount,jdbcType=INTEGER},
      </if>
      <if test="createBy != null">
        #{createBy,jdbcType=VARCHAR},
      </if>
      <if test="createDate != null">
        #{createDate,jdbcType=VARCHAR},
      </if>
      <if test="updateBy != null">
        #{updateBy,jdbcType=VARCHAR},
      </if>
      <if test="updateDate != null">
        #{updateDate,jdbcType=TIMESTAMP},
      </if>
      <if test="delFlag != null">
        #{delFlag,jdbcType=VARCHAR},
      </if>
    </trim>
  </insert>
  <update id="updateByPrimaryKeySelective" parameterType="cn.com.flaginfo.pojo.PersonHonour">
    update t_honour
    <set>
      <if test="title != null">
        TITLE = #{title,jdbcType=VARCHAR},
      </if>
      <if test="num != null">
        NUM = #{num,jdbcType=VARCHAR},
      </if>
      <if test="submitBy != null">
        SUBMIT_BY = #{submitBy,jdbcType=VARCHAR},
      </if>
      <if test="submitName != null">
        SUBMIT_NAME = #{submitName,jdbcType=VARCHAR},
      </if>
      <if test="subRoleId != null">
        SUB_ROLE_ID = #{subRoleId,jdbcType=VARCHAR},
      </if>
      <if test="subRoleName != null">
        SUB_ROLE_NAME = #{subRoleName,jdbcType=VARCHAR},
      </if>
      <if test="subDeptId != null">
        SUB_DEPT_ID = #{subDeptId,jdbcType=VARCHAR},
      </if>
      <if test="subDeptName != null">
        SUB_DEPT_NAME = #{subDeptName,jdbcType=VARCHAR},
      </if>
      <if test="state != null">
        STATE = #{state,jdbcType=VARCHAR},
      </if>
      <if test="content != null">
        CONTENT = #{content,jdbcType=VARCHAR},
      </if>
      <if test="lookCount != null">
        LOOK_COUNT = #{lookCount,jdbcType=INTEGER},
      </if>
      <if test="commentCount != null">
        COMMENT_COUNT = #{commentCount,jdbcType=INTEGER},
      </if>
      <if test="createBy != null">
        CREATE_BY = #{createBy,jdbcType=VARCHAR},
      </if>
      <if test="createDate != null">
        CREATE_DATE = #{createDate,jdbcType=VARCHAR},
      </if>
      <if test="updateBy != null">
        UPDATE_BY = #{updateBy,jdbcType=VARCHAR},
      </if>
      <if test="updateDate != null">
        UPDATE_DATE = #{updateDate,jdbcType=TIMESTAMP},
      </if>
      <if test="delFlag != null">
        DEL_FLAG = #{delFlag,jdbcType=VARCHAR},
      </if>
    </set>
    where ID = #{id,jdbcType=VARCHAR}
  </update>
  <update id="updateByPrimaryKey" parameterType="cn.com.flaginfo.pojo.PersonHonour">
    update t_honour
    set TITLE = #{title,jdbcType=VARCHAR},
      NUM = #{num,jdbcType=VARCHAR},
      SUBMIT_BY = #{submitBy,jdbcType=VARCHAR},
      SUBMIT_NAME = #{submitName,jdbcType=VARCHAR},
      SUB_ROLE_ID = #{subRoleId,jdbcType=VARCHAR},
      SUB_ROLE_NAME = #{subRoleName,jdbcType=VARCHAR},
      SUB_DEPT_ID = #{subDeptId,jdbcType=VARCHAR},
      SUB_DEPT_NAME = #{subDeptName,jdbcType=VARCHAR},
      STATE = #{state,jdbcType=VARCHAR},
      CONTENT = #{content,jdbcType=VARCHAR},
      LOOK_COUNT = #{lookCount,jdbcType=INTEGER},
      COMMENT_COUNT = #{commentCount,jdbcType=INTEGER},
      CREATE_BY = #{createBy,jdbcType=VARCHAR},
      CREATE_DATE = #{createDate,jdbcType=VARCHAR},
      UPDATE_BY = #{updateBy,jdbcType=VARCHAR},
      UPDATE_DATE = #{updateDate,jdbcType=TIMESTAMP},
      DEL_FLAG = #{delFlag,jdbcType=VARCHAR}
    where ID = #{id,jdbcType=VARCHAR}
  </update>
</mapper>