<?xml version="1.0" encoding="UTF-8"?>
<!DOCTYPE mapper PUBLIC "-//mybatis.org//DTD Mapper 3.0//EN" "http://mybatis.org/dtd/mybatis-3-mapper.dtd">
<mapper namespace="cn.com.flaginfo.dao.Role2MenuMapper">
  <resultMap id="BaseResultMap" type="cn.com.flaginfo.pojo.Role2Menu">
    <result column="ROLE_ID" jdbcType="VARCHAR" property="roleId" />
    <result column="MENU_ID" jdbcType="VARCHAR" property="menuId" />
  </resultMap>
  <insert id="insert" parameterType="cn.com.flaginfo.pojo.Role2Menu">
    insert into role_to_menu (ROLE_ID, MENU_ID)
    values (#{roleId,jdbcType=VARCHAR}, #{menuId,jdbcType=VARCHAR})
  </insert>
  <insert id="insertSelective" parameterType="cn.com.flaginfo.pojo.Role2Menu">
    insert into role_to_menu
    <trim prefix="(" suffix=")" suffixOverrides=",">
      <if test="roleId != null">
        ROLE_ID,
      </if>
      <if test="menuId != null">
        MENU_ID,
      </if>
    </trim>
    <trim prefix="values (" suffix=")" suffixOverrides=",">
      <if test="roleId != null">
        #{roleId,jdbcType=VARCHAR},
      </if>
      <if test="menuId != null">
        #{menuId,jdbcType=VARCHAR},
      </if>
    </trim>
  </insert>
</mapper>