<?xml version="1.0" encoding="UTF-8"?>
<!DOCTYPE mapper PUBLIC "-//mybatis.org//DTD Mapper 3.0//EN" "http://mybatis.org/dtd/mybatis-3-mapper.dtd">
<mapper namespace="cn.com.flaginfo.dao.Role2UserMapper">
  <resultMap id="BaseResultMap" type="cn.com.flaginfo.pojo.Role2User">
    <result column="ROLE_ID" jdbcType="VARCHAR" property="roleId" />
    <result column="USER_ID" jdbcType="VARCHAR" property="userId" />
  </resultMap>
  <insert id="insert" parameterType="cn.com.flaginfo.pojo.Role2User">
    insert into role_to_user (ROLE_ID, USER_ID)
    values (#{roleId,jdbcType=VARCHAR}, #{userId,jdbcType=VARCHAR})
  </insert>
  <insert id="insertSelective" parameterType="cn.com.flaginfo.pojo.Role2User">
    insert into role_to_user
    <trim prefix="(" suffix=")" suffixOverrides=",">
      <if test="roleId != null">
        ROLE_ID,
      </if>
      <if test="userId != null">
        USER_ID,
      </if>
    </trim>
    <trim prefix="values (" suffix=")" suffixOverrides=",">
      <if test="roleId != null">
        #{roleId,jdbcType=VARCHAR},
      </if>
      <if test="userId != null">
        #{userId,jdbcType=VARCHAR},
      </if>
    </trim>
  </insert>
</mapper>