<?xml version="1.0" encoding="UTF-8"?>
<!DOCTYPE mapper PUBLIC "-//mybatis.org//DTD Mapper 3.0//EN" "http://mybatis.org/dtd/mybatis-3-mapper.dtd">
<mapper namespace="cn.com.flaginfo.dao.Solu2TypeMapper">
  <resultMap id="BaseResultMap" type="cn.com.flaginfo.pojo.Solu2Type">
    <result column="SOLUTION_ID" jdbcType="VARCHAR" property="solutionId" />
    <result column="TYPE_CODE" jdbcType="VARCHAR" property="typeCode" />
  </resultMap>
  <insert id="insert" parameterType="cn.com.flaginfo.pojo.Solu2Type">
    insert into solu_to_type (SOLUTION_ID, TYPE_CODE)
    values (#{solutionId,jdbcType=VARCHAR}, #{typeCode,jdbcType=VARCHAR})
  </insert>
  <insert id="insertSelective" parameterType="cn.com.flaginfo.pojo.Solu2Type">
    insert into solu_to_type
    <trim prefix="(" suffix=")" suffixOverrides=",">
      <if test="solutionId != null">
        SOLUTION_ID,
      </if>
      <if test="typeCode != null">
        TYPE_CODE,
      </if>
    </trim>
    <trim prefix="values (" suffix=")" suffixOverrides=",">
      <if test="solutionId != null">
        #{solutionId,jdbcType=VARCHAR},
      </if>
      <if test="typeCode != null">
        #{typeCode,jdbcType=VARCHAR},
      </if>
    </trim>
  </insert>
</mapper>