<?xml version="1.0" encoding="UTF-8"?>
<!DOCTYPE mapper PUBLIC "-//mybatis.org//DTD Mapper 3.0//EN" "http://mybatis.org/dtd/mybatis-3-mapper.dtd">
<mapper namespace="cn.com.flaginfo.dao.Solu2CollectMapper">
  <resultMap id="BaseResultMap" type="cn.com.flaginfo.pojo.Solu2Collect">
    <id column="ID" jdbcType="VARCHAR" property="id" />
    <result column="SOLUTION_ID" jdbcType="VARCHAR" property="solutionId" />
    <result column="USER_ID" jdbcType="VARCHAR" property="userId" />
    <result column="COLLECT_TIME" jdbcType="VARCHAR" property="collectTime" />
  </resultMap>
  <sql id="Base_Column_List">
    ID, SOLUTION_ID, USER_ID, COLLECT_TIME
  </sql>
  <select id="selectByPrimaryKey" parameterType="java.lang.String" resultMap="BaseResultMap">
    select 
    <include refid="Base_Column_List" />
    from solu_to_collect
    where ID = #{id,jdbcType=VARCHAR}
  </select>
  <delete id="deleteByPrimaryKey" parameterType="java.lang.String">
    delete from solu_to_collect
    where ID = #{id,jdbcType=VARCHAR}
  </delete>
  <insert id="insert" parameterType="cn.com.flaginfo.pojo.Solu2Collect">
    insert into solu_to_collect (ID, SOLUTION_ID, USER_ID, 
      COLLECT_TIME)
    values (#{id,jdbcType=VARCHAR}, #{solutionId,jdbcType=VARCHAR}, #{userId,jdbcType=VARCHAR}, 
      #{collectTime,jdbcType=VARCHAR})
  </insert>
  <insert id="insertSelective" parameterType="cn.com.flaginfo.pojo.Solu2Collect">
    insert into solu_to_collect
    <trim prefix="(" suffix=")" suffixOverrides=",">
      <if test="id != null">
        ID,
      </if>
      <if test="solutionId != null">
        SOLUTION_ID,
      </if>
      <if test="userId != null">
        USER_ID,
      </if>
      <if test="collectTime != null">
        COLLECT_TIME,
      </if>
    </trim>
    <trim prefix="values (" suffix=")" suffixOverrides=",">
      <if test="id != null">
        #{id,jdbcType=VARCHAR},
      </if>
      <if test="solutionId != null">
        #{solutionId,jdbcType=VARCHAR},
      </if>
      <if test="userId != null">
        #{userId,jdbcType=VARCHAR},
      </if>
      <if test="collectTime != null">
        #{collectTime,jdbcType=VARCHAR},
      </if>
    </trim>
  </insert>
  <update id="updateByPrimaryKeySelective" parameterType="cn.com.flaginfo.pojo.Solu2Collect">
    update solu_to_collect
    <set>
      <if test="solutionId != null">
        SOLUTION_ID = #{solutionId,jdbcType=VARCHAR},
      </if>
      <if test="userId != null">
        USER_ID = #{userId,jdbcType=VARCHAR},
      </if>
      <if test="collectTime != null">
        COLLECT_TIME = #{collectTime,jdbcType=VARCHAR},
      </if>
    </set>
    where ID = #{id,jdbcType=VARCHAR}
  </update>
  <update id="updateByPrimaryKey" parameterType="cn.com.flaginfo.pojo.Solu2Collect">
    update solu_to_collect
    set SOLUTION_ID = #{solutionId,jdbcType=VARCHAR},
      USER_ID = #{userId,jdbcType=VARCHAR},
      COLLECT_TIME = #{collectTime,jdbcType=VARCHAR}
    where ID = #{id,jdbcType=VARCHAR}
  </update>
</mapper>