<?xml version="1.0" encoding="UTF-8"?>
<!DOCTYPE mapper PUBLIC "-//mybatis.org//DTD Mapper 3.0//EN" "http://mybatis.org/dtd/mybatis-3-mapper.dtd">
<mapper namespace="cn.com.flaginfo.dao.SolutionMapper">
  <resultMap id="BaseResultMap" type="cn.com.flaginfo.pojo.Solution">
    <id column="ID" jdbcType="VARCHAR" property="id" />
    <result column="SOLUTION_NUM" jdbcType="VARCHAR" property="solutionNum" />
    <result column="SOLUTION_NAME" jdbcType="VARCHAR" property="solutionName" />
    <result column="SOLUTION_PARENT_TYPE" jdbcType="VARCHAR" property="solutionParentType" />
    <result column="DESCRIPTION" jdbcType="VARCHAR" property="description" />
    <result column="STATE" jdbcType="VARCHAR" property="state" />
    <result column="SUBMIT_DATE" jdbcType="VARCHAR" property="submitDate" />
    <result column="LOOK_COUNT" jdbcType="INTEGER" property="lookCount" />
    <result column="DOWNLOAD_COUNT" jdbcType="INTEGER" property="downloadCount" />
    <result column="CREATE_BY" jdbcType="VARCHAR" property="createBy" />
    <result column="CREATE_DATE" jdbcType="VARCHAR" property="createDate" />
    <result column="UPDATE_BY" jdbcType="VARCHAR" property="updateBy" />
    <result column="UPDATE_DATE" jdbcType="TIMESTAMP" property="updateDate" />
    <result column="DEL_FLAG" jdbcType="VARCHAR" property="delFlag" />
  </resultMap>
  <sql id="Base_Column_List">
    ID, SOLUTION_NUM, SOLUTION_NAME, SOLUTION_PARENT_TYPE, DESCRIPTION, STATE, SUBMIT_DATE, 
    LOOK_COUNT, DOWNLOAD_COUNT, CREATE_BY, CREATE_DATE, UPDATE_BY, UPDATE_DATE, DEL_FLAG
  </sql>
  <select id="selectByPrimaryKey" parameterType="java.lang.String" resultMap="BaseResultMap">
    select 
    <include refid="Base_Column_List" />
    from t_solution
    where ID = #{id,jdbcType=VARCHAR}
  </select>
  <delete id="deleteByPrimaryKey" parameterType="java.lang.String">
    delete from t_solution
    where ID = #{id,jdbcType=VARCHAR}
  </delete>
  <insert id="insert" parameterType="cn.com.flaginfo.pojo.Solution">
    insert into t_solution (ID, SOLUTION_NUM, SOLUTION_NAME, 
      SOLUTION_PARENT_TYPE, DESCRIPTION, STATE, 
      SUBMIT_DATE, LOOK_COUNT, DOWNLOAD_COUNT, 
      CREATE_BY, CREATE_DATE, UPDATE_BY, 
      UPDATE_DATE, DEL_FLAG)
    values (#{id,jdbcType=VARCHAR}, #{solutionNum,jdbcType=VARCHAR}, #{solutionName,jdbcType=VARCHAR}, 
      #{solutionParentType,jdbcType=VARCHAR}, #{description,jdbcType=VARCHAR}, #{state,jdbcType=VARCHAR}, 
      #{submitDate,jdbcType=VARCHAR}, #{lookCount,jdbcType=INTEGER}, #{downloadCount,jdbcType=INTEGER}, 
      #{createBy,jdbcType=VARCHAR}, #{createDate,jdbcType=VARCHAR}, #{updateBy,jdbcType=VARCHAR}, 
      #{updateDate,jdbcType=TIMESTAMP}, #{delFlag,jdbcType=VARCHAR})
  </insert>
  <insert id="insertSelective" parameterType="cn.com.flaginfo.pojo.Solution">
    insert into t_solution
    <trim prefix="(" suffix=")" suffixOverrides=",">
      <if test="id != null">
        ID,
      </if>
      <if test="solutionNum != null">
        SOLUTION_NUM,
      </if>
      <if test="solutionName != null">
        SOLUTION_NAME,
      </if>
      <if test="solutionParentType != null">
        SOLUTION_PARENT_TYPE,
      </if>
      <if test="description != null">
        DESCRIPTION,
      </if>
      <if test="state != null">
        STATE,
      </if>
      <if test="submitDate != null">
        SUBMIT_DATE,
      </if>
      <if test="lookCount != null">
        LOOK_COUNT,
      </if>
      <if test="downloadCount != null">
        DOWNLOAD_COUNT,
      </if>
      <if test="createBy != null">
        CREATE_BY,
      </if>
      <if test="createDate != null">
        CREATE_DATE,
      </if>
      <if test="updateBy != null">
        UPDATE_BY,
      </if>
      <if test="updateDate != null">
        UPDATE_DATE,
      </if>
      <if test="delFlag != null">
        DEL_FLAG,
      </if>
    </trim>
    <trim prefix="values (" suffix=")" suffixOverrides=",">
      <if test="id != null">
        #{id,jdbcType=VARCHAR},
      </if>
      <if test="solutionNum != null">
        #{solutionNum,jdbcType=VARCHAR},
      </if>
      <if test="solutionName != null">
        #{solutionName,jdbcType=VARCHAR},
      </if>
      <if test="solutionParentType != null">
        #{solutionParentType,jdbcType=VARCHAR},
      </if>
      <if test="description != null">
        #{description,jdbcType=VARCHAR},
      </if>
      <if test="state != null">
        #{state,jdbcType=VARCHAR},
      </if>
      <if test="submitDate != null">
        #{submitDate,jdbcType=VARCHAR},
      </if>
      <if test="lookCount != null">
        #{lookCount,jdbcType=INTEGER},
      </if>
      <if test="downloadCount != null">
        #{downloadCount,jdbcType=INTEGER},
      </if>
      <if test="createBy != null">
        #{createBy,jdbcType=VARCHAR},
      </if>
      <if test="createDate != null">
        #{createDate,jdbcType=VARCHAR},
      </if>
      <if test="updateBy != null">
        #{updateBy,jdbcType=VARCHAR},
      </if>
      <if test="updateDate != null">
        #{updateDate,jdbcType=TIMESTAMP},
      </if>
      <if test="delFlag != null">
        #{delFlag,jdbcType=VARCHAR},
      </if>
    </trim>
  </insert>
  <update id="updateByPrimaryKeySelective" parameterType="cn.com.flaginfo.pojo.Solution">
    update t_solution
    <set>
      <if test="solutionNum != null">
        SOLUTION_NUM = #{solutionNum,jdbcType=VARCHAR},
      </if>
      <if test="solutionName != null">
        SOLUTION_NAME = #{solutionName,jdbcType=VARCHAR},
      </if>
      <if test="solutionParentType != null">
        SOLUTION_PARENT_TYPE = #{solutionParentType,jdbcType=VARCHAR},
      </if>
      <if test="description != null">
        DESCRIPTION = #{description,jdbcType=VARCHAR},
      </if>
      <if test="state != null">
        STATE = #{state,jdbcType=VARCHAR},
      </if>
      <if test="submitDate != null">
        SUBMIT_DATE = #{submitDate,jdbcType=VARCHAR},
      </if>
      <if test="lookCount != null">
        LOOK_COUNT = #{lookCount,jdbcType=INTEGER},
      </if>
      <if test="downloadCount != null">
        DOWNLOAD_COUNT = #{downloadCount,jdbcType=INTEGER},
      </if>
      <if test="createBy != null">
        CREATE_BY = #{createBy,jdbcType=VARCHAR},
      </if>
      <if test="createDate != null">
        CREATE_DATE = #{createDate,jdbcType=VARCHAR},
      </if>
      <if test="updateBy != null">
        UPDATE_BY = #{updateBy,jdbcType=VARCHAR},
      </if>
      <if test="updateDate != null">
        UPDATE_DATE = #{updateDate,jdbcType=TIMESTAMP},
      </if>
      <if test="delFlag != null">
        DEL_FLAG = #{delFlag,jdbcType=VARCHAR},
      </if>
    </set>
    where ID = #{id,jdbcType=VARCHAR}
  </update>
  <update id="updateByPrimaryKey" parameterType="cn.com.flaginfo.pojo.Solution">
    update t_solution
    set SOLUTION_NUM = #{solutionNum,jdbcType=VARCHAR},
      SOLUTION_NAME = #{solutionName,jdbcType=VARCHAR},
      SOLUTION_PARENT_TYPE = #{solutionParentType,jdbcType=VARCHAR},
      DESCRIPTION = #{description,jdbcType=VARCHAR},
      STATE = #{state,jdbcType=VARCHAR},
      SUBMIT_DATE = #{submitDate,jdbcType=VARCHAR},
      LOOK_COUNT = #{lookCount,jdbcType=INTEGER},
      DOWNLOAD_COUNT = #{downloadCount,jdbcType=INTEGER},
      CREATE_BY = #{createBy,jdbcType=VARCHAR},
      CREATE_DATE = #{createDate,jdbcType=VARCHAR},
      UPDATE_BY = #{updateBy,jdbcType=VARCHAR},
      UPDATE_DATE = #{updateDate,jdbcType=TIMESTAMP},
      DEL_FLAG = #{delFlag,jdbcType=VARCHAR}
    where ID = #{id,jdbcType=VARCHAR}
  </update>
</mapper>