<?xml version="1.0" encoding="UTF-8"?>
<!DOCTYPE mapper PUBLIC "-//mybatis.org//DTD Mapper 3.0//EN" "http://mybatis.org/dtd/mybatis-3-mapper.dtd">
<mapper namespace="cn.com.flaginfo.dao.SysDepartmentMapper">
  <resultMap id="BaseResultMap" type="cn.com.flaginfo.pojo.SysDepartment">
    <id column="ID" jdbcType="VARCHAR" property="id" />
    <result column="DEPT_NAME" jdbcType="VARCHAR" property="deptName" />
    <result column="PARENT_ID" jdbcType="VARCHAR" property="parentId" />
    <result column="DEPT_NUM" jdbcType="VARCHAR" property="deptNum" />
    <result column="REMARK" jdbcType="VARCHAR" property="remark" />
    <result column="EP_DEPT_ID" jdbcType="VARCHAR" property="epDeptId" />
    <result column="CREATE_BY" jdbcType="VARCHAR" property="createBy" />
    <result column="CREATE_DATE" jdbcType="VARCHAR" property="createDate" />
    <result column="UPDATE_BY" jdbcType="VARCHAR" property="updateBy" />
    <result column="UPDATE_DATE" jdbcType="TIMESTAMP" property="updateDate" />
    <result column="DEL_FLAG" jdbcType="VARCHAR" property="delFlag" />
  </resultMap>
  <sql id="Base_Column_List">
    ID, DEPT_NAME, PARENT_ID, DEPT_NUM, REMARK, EP_DEPT_ID, CREATE_BY, CREATE_DATE, UPDATE_BY, 
    UPDATE_DATE, DEL_FLAG
  </sql>
  <select id="selectByPrimaryKey" parameterType="java.lang.String" resultMap="BaseResultMap">
    select 
    <include refid="Base_Column_List" />
    from sys_department
    where ID = #{id,jdbcType=VARCHAR}
  </select>
  <delete id="deleteByPrimaryKey" parameterType="java.lang.String">
    delete from sys_department
    where ID = #{id,jdbcType=VARCHAR}
  </delete>
  <insert id="insert" parameterType="cn.com.flaginfo.pojo.SysDepartment">
    insert into sys_department (ID, DEPT_NAME, PARENT_ID, 
      DEPT_NUM, REMARK, EP_DEPT_ID, 
      CREATE_BY, CREATE_DATE, UPDATE_BY, 
      UPDATE_DATE, DEL_FLAG)
    values (#{id,jdbcType=VARCHAR}, #{deptName,jdbcType=VARCHAR}, #{parentId,jdbcType=VARCHAR}, 
      #{deptNum,jdbcType=VARCHAR}, #{remark,jdbcType=VARCHAR}, #{epDeptId,jdbcType=VARCHAR}, 
      #{createBy,jdbcType=VARCHAR}, #{createDate,jdbcType=VARCHAR}, #{updateBy,jdbcType=VARCHAR}, 
      #{updateDate,jdbcType=TIMESTAMP}, #{delFlag,jdbcType=VARCHAR})
  </insert>
  <insert id="insertSelective" parameterType="cn.com.flaginfo.pojo.SysDepartment">
    insert into sys_department
    <trim prefix="(" suffix=")" suffixOverrides=",">
      <if test="id != null">
        ID,
      </if>
      <if test="deptName != null">
        DEPT_NAME,
      </if>
      <if test="parentId != null">
        PARENT_ID,
      </if>
      <if test="deptNum != null">
        DEPT_NUM,
      </if>
      <if test="remark != null">
        REMARK,
      </if>
      <if test="epDeptId != null">
        EP_DEPT_ID,
      </if>
      <if test="createBy != null">
        CREATE_BY,
      </if>
      <if test="createDate != null">
        CREATE_DATE,
      </if>
      <if test="updateBy != null">
        UPDATE_BY,
      </if>
      <if test="updateDate != null">
        UPDATE_DATE,
      </if>
      <if test="delFlag != null">
        DEL_FLAG,
      </if>
    </trim>
    <trim prefix="values (" suffix=")" suffixOverrides=",">
      <if test="id != null">
        #{id,jdbcType=VARCHAR},
      </if>
      <if test="deptName != null">
        #{deptName,jdbcType=VARCHAR},
      </if>
      <if test="parentId != null">
        #{parentId,jdbcType=VARCHAR},
      </if>
      <if test="deptNum != null">
        #{deptNum,jdbcType=VARCHAR},
      </if>
      <if test="remark != null">
        #{remark,jdbcType=VARCHAR},
      </if>
      <if test="epDeptId != null">
        #{epDeptId,jdbcType=VARCHAR},
      </if>
      <if test="createBy != null">
        #{createBy,jdbcType=VARCHAR},
      </if>
      <if test="createDate != null">
        #{createDate,jdbcType=VARCHAR},
      </if>
      <if test="updateBy != null">
        #{updateBy,jdbcType=VARCHAR},
      </if>
      <if test="updateDate != null">
        #{updateDate,jdbcType=TIMESTAMP},
      </if>
      <if test="delFlag != null">
        #{delFlag,jdbcType=VARCHAR},
      </if>
    </trim>
  </insert>
  <update id="updateByPrimaryKeySelective" parameterType="cn.com.flaginfo.pojo.SysDepartment">
    update sys_department
    <set>
      <if test="deptName != null">
        DEPT_NAME = #{deptName,jdbcType=VARCHAR},
      </if>
      <if test="parentId != null">
        PARENT_ID = #{parentId,jdbcType=VARCHAR},
      </if>
      <if test="deptNum != null">
        DEPT_NUM = #{deptNum,jdbcType=VARCHAR},
      </if>
      <if test="remark != null">
        REMARK = #{remark,jdbcType=VARCHAR},
      </if>
      <if test="epDeptId != null">
        EP_DEPT_ID = #{epDeptId,jdbcType=VARCHAR},
      </if>
      <if test="createBy != null">
        CREATE_BY = #{createBy,jdbcType=VARCHAR},
      </if>
      <if test="createDate != null">
        CREATE_DATE = #{createDate,jdbcType=VARCHAR},
      </if>
      <if test="updateBy != null">
        UPDATE_BY = #{updateBy,jdbcType=VARCHAR},
      </if>
      <if test="updateDate != null">
        UPDATE_DATE = #{updateDate,jdbcType=TIMESTAMP},
      </if>
      <if test="delFlag != null">
        DEL_FLAG = #{delFlag,jdbcType=VARCHAR},
      </if>
    </set>
    where ID = #{id,jdbcType=VARCHAR}
  </update>
  <update id="updateByPrimaryKey" parameterType="cn.com.flaginfo.pojo.SysDepartment">
    update sys_department
    set DEPT_NAME = #{deptName,jdbcType=VARCHAR},
      PARENT_ID = #{parentId,jdbcType=VARCHAR},
      DEPT_NUM = #{deptNum,jdbcType=VARCHAR},
      REMARK = #{remark,jdbcType=VARCHAR},
      EP_DEPT_ID = #{epDeptId,jdbcType=VARCHAR},
      CREATE_BY = #{createBy,jdbcType=VARCHAR},
      CREATE_DATE = #{createDate,jdbcType=VARCHAR},
      UPDATE_BY = #{updateBy,jdbcType=VARCHAR},
      UPDATE_DATE = #{updateDate,jdbcType=TIMESTAMP},
      DEL_FLAG = #{delFlag,jdbcType=VARCHAR}
    where ID = #{id,jdbcType=VARCHAR}
  </update>
</mapper>