<?xml version="1.0" encoding="UTF-8"?>
<!DOCTYPE mapper PUBLIC "-//mybatis.org//DTD Mapper 3.0//EN" "http://mybatis.org/dtd/mybatis-3-mapper.dtd">
<mapper namespace="cn.com.flaginfo.dao.SysMenuMapper">
  <resultMap id="BaseResultMap" type="cn.com.flaginfo.pojo.SysMenu">
    <id column="ID" jdbcType="VARCHAR" property="id" />
    <result column="PARENT_ID" jdbcType="VARCHAR" property="parentId" />
    <result column="NAME" jdbcType="VARCHAR" property="name" />
    <result column="SORT" jdbcType="INTEGER" property="sort" />
    <result column="LEVEL" jdbcType="VARCHAR" property="level" />
    <result column="HREF" jdbcType="VARCHAR" property="href" />
    <result column="TYPE" jdbcType="VARCHAR" property="type" />
    <result column="CREATE_DATE" jdbcType="DATE" property="createDate" />
    <result column="CREATE_BY" jdbcType="VARCHAR" property="createBy" />
    <result column="UPDATE_DATE" jdbcType="DATE" property="updateDate" />
    <result column="UPDATE_BY" jdbcType="VARCHAR" property="updateBy" />
    <result column="DEL_FLAG" jdbcType="VARCHAR" property="delFlag" />
    <result column="PERMISSION" jdbcType="VARCHAR" property="permission" />
  </resultMap>
  <sql id="Base_Column_List">
    ID, PARENT_ID, NAME, SORT, LEVEL, HREF, TYPE, CREATE_DATE, CREATE_BY, UPDATE_DATE, 
    UPDATE_BY, DEL_FLAG, PERMISSION
  </sql>
  <select id="selectByPrimaryKey" parameterType="java.lang.String" resultMap="BaseResultMap">
    select 
    <include refid="Base_Column_List" />
    from sys_menu
    where ID = #{id,jdbcType=VARCHAR}
  </select>
  <delete id="deleteByPrimaryKey" parameterType="java.lang.String">
    delete from sys_menu
    where ID = #{id,jdbcType=VARCHAR}
  </delete>
  <insert id="insert" parameterType="cn.com.flaginfo.pojo.SysMenu">
    insert into sys_menu (ID, PARENT_ID, NAME, 
      SORT, LEVEL, HREF, 
      TYPE, CREATE_DATE, CREATE_BY, 
      UPDATE_DATE, UPDATE_BY, DEL_FLAG, 
      PERMISSION)
    values (#{id,jdbcType=VARCHAR}, #{parentId,jdbcType=VARCHAR}, #{name,jdbcType=VARCHAR}, 
      #{sort,jdbcType=INTEGER}, #{level,jdbcType=VARCHAR}, #{href,jdbcType=VARCHAR}, 
      #{type,jdbcType=VARCHAR}, #{createDate,jdbcType=DATE}, #{createBy,jdbcType=VARCHAR}, 
      #{updateDate,jdbcType=DATE}, #{updateBy,jdbcType=VARCHAR}, #{delFlag,jdbcType=VARCHAR}, 
      #{permission,jdbcType=VARCHAR})
  </insert>
  <insert id="insertSelective" parameterType="cn.com.flaginfo.pojo.SysMenu">
    insert into sys_menu
    <trim prefix="(" suffix=")" suffixOverrides=",">
      <if test="id != null">
        ID,
      </if>
      <if test="parentId != null">
        PARENT_ID,
      </if>
      <if test="name != null">
        NAME,
      </if>
      <if test="sort != null">
        SORT,
      </if>
      <if test="level != null">
        LEVEL,
      </if>
      <if test="href != null">
        HREF,
      </if>
      <if test="type != null">
        TYPE,
      </if>
      <if test="createDate != null">
        CREATE_DATE,
      </if>
      <if test="createBy != null">
        CREATE_BY,
      </if>
      <if test="updateDate != null">
        UPDATE_DATE,
      </if>
      <if test="updateBy != null">
        UPDATE_BY,
      </if>
      <if test="delFlag != null">
        DEL_FLAG,
      </if>
      <if test="permission != null">
        PERMISSION,
      </if>
    </trim>
    <trim prefix="values (" suffix=")" suffixOverrides=",">
      <if test="id != null">
        #{id,jdbcType=VARCHAR},
      </if>
      <if test="parentId != null">
        #{parentId,jdbcType=VARCHAR},
      </if>
      <if test="name != null">
        #{name,jdbcType=VARCHAR},
      </if>
      <if test="sort != null">
        #{sort,jdbcType=INTEGER},
      </if>
      <if test="level != null">
        #{level,jdbcType=VARCHAR},
      </if>
      <if test="href != null">
        #{href,jdbcType=VARCHAR},
      </if>
      <if test="type != null">
        #{type,jdbcType=VARCHAR},
      </if>
      <if test="createDate != null">
        #{createDate,jdbcType=DATE},
      </if>
      <if test="createBy != null">
        #{createBy,jdbcType=VARCHAR},
      </if>
      <if test="updateDate != null">
        #{updateDate,jdbcType=DATE},
      </if>
      <if test="updateBy != null">
        #{updateBy,jdbcType=VARCHAR},
      </if>
      <if test="delFlag != null">
        #{delFlag,jdbcType=VARCHAR},
      </if>
      <if test="permission != null">
        #{permission,jdbcType=VARCHAR},
      </if>
    </trim>
  </insert>
  <update id="updateByPrimaryKeySelective" parameterType="cn.com.flaginfo.pojo.SysMenu">
    update sys_menu
    <set>
      <if test="parentId != null">
        PARENT_ID = #{parentId,jdbcType=VARCHAR},
      </if>
      <if test="name != null">
        NAME = #{name,jdbcType=VARCHAR},
      </if>
      <if test="sort != null">
        SORT = #{sort,jdbcType=INTEGER},
      </if>
      <if test="level != null">
        LEVEL = #{level,jdbcType=VARCHAR},
      </if>
      <if test="href != null">
        HREF = #{href,jdbcType=VARCHAR},
      </if>
      <if test="type != null">
        TYPE = #{type,jdbcType=VARCHAR},
      </if>
      <if test="createDate != null">
        CREATE_DATE = #{createDate,jdbcType=DATE},
      </if>
      <if test="createBy != null">
        CREATE_BY = #{createBy,jdbcType=VARCHAR},
      </if>
      <if test="updateDate != null">
        UPDATE_DATE = #{updateDate,jdbcType=DATE},
      </if>
      <if test="updateBy != null">
        UPDATE_BY = #{updateBy,jdbcType=VARCHAR},
      </if>
      <if test="delFlag != null">
        DEL_FLAG = #{delFlag,jdbcType=VARCHAR},
      </if>
      <if test="permission != null">
        PERMISSION = #{permission,jdbcType=VARCHAR},
      </if>
    </set>
    where ID = #{id,jdbcType=VARCHAR}
  </update>
  <update id="updateByPrimaryKey" parameterType="cn.com.flaginfo.pojo.SysMenu">
    update sys_menu
    set PARENT_ID = #{parentId,jdbcType=VARCHAR},
      NAME = #{name,jdbcType=VARCHAR},
      SORT = #{sort,jdbcType=INTEGER},
      LEVEL = #{level,jdbcType=VARCHAR},
      HREF = #{href,jdbcType=VARCHAR},
      TYPE = #{type,jdbcType=VARCHAR},
      CREATE_DATE = #{createDate,jdbcType=DATE},
      CREATE_BY = #{createBy,jdbcType=VARCHAR},
      UPDATE_DATE = #{updateDate,jdbcType=DATE},
      UPDATE_BY = #{updateBy,jdbcType=VARCHAR},
      DEL_FLAG = #{delFlag,jdbcType=VARCHAR},
      PERMISSION = #{permission,jdbcType=VARCHAR}
    where ID = #{id,jdbcType=VARCHAR}
  </update>
</mapper>