<?xml version="1.0" encoding="UTF-8"?>
<!DOCTYPE mapper PUBLIC "-//mybatis.org//DTD Mapper 3.0//EN" "http://mybatis.org/dtd/mybatis-3-mapper.dtd">
<mapper namespace="cn.com.flaginfo.dao.SysUserMapper">
  <resultMap id="BaseResultMap" type="cn.com.flaginfo.pojo.SysUser">
    <id column="ID" jdbcType="VARCHAR" property="id" />
    <result column="USERID" jdbcType="VARCHAR" property="userid" />
    <result column="NAME" jdbcType="VARCHAR" property="name" />
    <result column="PASSWORD" jdbcType="VARCHAR" property="password" />
    <result column="WORKNUM" jdbcType="VARCHAR" property="worknum" />
    <result column="REMARK" jdbcType="VARCHAR" property="remark" />
    <result column="AREA" jdbcType="VARCHAR" property="area" />
    <result column="INDUSTRY" jdbcType="VARCHAR" property="industry" />
    <result column="HOSTNUM" jdbcType="VARCHAR" property="hostnum" />
    <result column="EXTENSIONNUM" jdbcType="VARCHAR" property="extensionnum" />
    <result column="EMAIL" jdbcType="VARCHAR" property="email" />
    <result column="WEIXIN" jdbcType="VARCHAR" property="weixin" />
    <result column="QQ" jdbcType="VARCHAR" property="qq" />
    <result column="ENABLE" jdbcType="CHAR" property="enable" />
    <result column="CREATE_BY" jdbcType="VARCHAR" property="createBy" />
    <result column="CREATE_DATE" jdbcType="TIMESTAMP" property="createDate" />
    <result column="UPDATE_BY" jdbcType="VARCHAR" property="updateBy" />
    <result column="UPDATE_DATE" jdbcType="TIMESTAMP" property="updateDate" />
    <result column="DEL_FLAG" jdbcType="VARCHAR" property="delFlag" />
    <result column="USERTYPE" jdbcType="VARCHAR" property="usertype" />
  </resultMap>
  <sql id="Base_Column_List">
    ID, USERID, NAME, PASSWORD, WORKNUM, REMARK, AREA, INDUSTRY, HOSTNUM, EXTENSIONNUM, 
    EMAIL, WEIXIN, QQ, ENABLE, CREATE_BY, CREATE_DATE, UPDATE_BY, UPDATE_DATE, DEL_FLAG, 
    USERTYPE
  </sql>
  <select id="selectByPrimaryKey" parameterType="java.lang.String" resultMap="BaseResultMap">
    select 
    <include refid="Base_Column_List" />
    from sys_user
    where ID = #{id,jdbcType=VARCHAR}
  </select>
  <delete id="deleteByPrimaryKey" parameterType="java.lang.String">
    delete from sys_user
    where ID = #{id,jdbcType=VARCHAR}
  </delete>
  <insert id="insert" parameterType="cn.com.flaginfo.pojo.SysUser">
    insert into sys_user (ID, USERID, NAME, 
      PASSWORD, WORKNUM, REMARK, 
      AREA, INDUSTRY, HOSTNUM, 
      EXTENSIONNUM, EMAIL, WEIXIN, 
      QQ, ENABLE, CREATE_BY, 
      CREATE_DATE, UPDATE_BY, UPDATE_DATE, 
      DEL_FLAG, USERTYPE)
    values (#{id,jdbcType=VARCHAR}, #{userid,jdbcType=VARCHAR}, #{name,jdbcType=VARCHAR}, 
      #{password,jdbcType=VARCHAR}, #{worknum,jdbcType=VARCHAR}, #{remark,jdbcType=VARCHAR}, 
      #{area,jdbcType=VARCHAR}, #{industry,jdbcType=VARCHAR}, #{hostnum,jdbcType=VARCHAR}, 
      #{extensionnum,jdbcType=VARCHAR}, #{email,jdbcType=VARCHAR}, #{weixin,jdbcType=VARCHAR}, 
      #{qq,jdbcType=VARCHAR}, #{enable,jdbcType=CHAR}, #{createBy,jdbcType=VARCHAR}, 
      #{createDate,jdbcType=TIMESTAMP}, #{updateBy,jdbcType=VARCHAR}, #{updateDate,jdbcType=TIMESTAMP}, 
      #{delFlag,jdbcType=VARCHAR}, #{usertype,jdbcType=VARCHAR})
  </insert>
  <insert id="insertSelective" parameterType="cn.com.flaginfo.pojo.SysUser">
    insert into sys_user
    <trim prefix="(" suffix=")" suffixOverrides=",">
      <if test="id != null">
        ID,
      </if>
      <if test="userid != null">
        USERID,
      </if>
      <if test="name != null">
        NAME,
      </if>
      <if test="password != null">
        PASSWORD,
      </if>
      <if test="worknum != null">
        WORKNUM,
      </if>
      <if test="remark != null">
        REMARK,
      </if>
      <if test="area != null">
        AREA,
      </if>
      <if test="industry != null">
        INDUSTRY,
      </if>
      <if test="hostnum != null">
        HOSTNUM,
      </if>
      <if test="extensionnum != null">
        EXTENSIONNUM,
      </if>
      <if test="email != null">
        EMAIL,
      </if>
      <if test="weixin != null">
        WEIXIN,
      </if>
      <if test="qq != null">
        QQ,
      </if>
      <if test="enable != null">
        ENABLE,
      </if>
      <if test="createBy != null">
        CREATE_BY,
      </if>
      <if test="createDate != null">
        CREATE_DATE,
      </if>
      <if test="updateBy != null">
        UPDATE_BY,
      </if>
      <if test="updateDate != null">
        UPDATE_DATE,
      </if>
      <if test="delFlag != null">
        DEL_FLAG,
      </if>
      <if test="usertype != null">
        USERTYPE,
      </if>
    </trim>
    <trim prefix="values (" suffix=")" suffixOverrides=",">
      <if test="id != null">
        #{id,jdbcType=VARCHAR},
      </if>
      <if test="userid != null">
        #{userid,jdbcType=VARCHAR},
      </if>
      <if test="name != null">
        #{name,jdbcType=VARCHAR},
      </if>
      <if test="password != null">
        #{password,jdbcType=VARCHAR},
      </if>
      <if test="worknum != null">
        #{worknum,jdbcType=VARCHAR},
      </if>
      <if test="remark != null">
        #{remark,jdbcType=VARCHAR},
      </if>
      <if test="area != null">
        #{area,jdbcType=VARCHAR},
      </if>
      <if test="industry != null">
        #{industry,jdbcType=VARCHAR},
      </if>
      <if test="hostnum != null">
        #{hostnum,jdbcType=VARCHAR},
      </if>
      <if test="extensionnum != null">
        #{extensionnum,jdbcType=VARCHAR},
      </if>
      <if test="email != null">
        #{email,jdbcType=VARCHAR},
      </if>
      <if test="weixin != null">
        #{weixin,jdbcType=VARCHAR},
      </if>
      <if test="qq != null">
        #{qq,jdbcType=VARCHAR},
      </if>
      <if test="enable != null">
        #{enable,jdbcType=CHAR},
      </if>
      <if test="createBy != null">
        #{createBy,jdbcType=VARCHAR},
      </if>
      <if test="createDate != null">
        #{createDate,jdbcType=TIMESTAMP},
      </if>
      <if test="updateBy != null">
        #{updateBy,jdbcType=VARCHAR},
      </if>
      <if test="updateDate != null">
        #{updateDate,jdbcType=TIMESTAMP},
      </if>
      <if test="delFlag != null">
        #{delFlag,jdbcType=VARCHAR},
      </if>
      <if test="usertype != null">
        #{usertype,jdbcType=VARCHAR},
      </if>
    </trim>
  </insert>
  <update id="updateByPrimaryKeySelective" parameterType="cn.com.flaginfo.pojo.SysUser">
    update sys_user
    <set>
      <if test="userid != null">
        USERID = #{userid,jdbcType=VARCHAR},
      </if>
      <if test="name != null">
        NAME = #{name,jdbcType=VARCHAR},
      </if>
      <if test="password != null">
        PASSWORD = #{password,jdbcType=VARCHAR},
      </if>
      <if test="worknum != null">
        WORKNUM = #{worknum,jdbcType=VARCHAR},
      </if>
      <if test="remark != null">
        REMARK = #{remark,jdbcType=VARCHAR},
      </if>
      <if test="area != null">
        AREA = #{area,jdbcType=VARCHAR},
      </if>
      <if test="industry != null">
        INDUSTRY = #{industry,jdbcType=VARCHAR},
      </if>
      <if test="hostnum != null">
        HOSTNUM = #{hostnum,jdbcType=VARCHAR},
      </if>
      <if test="extensionnum != null">
        EXTENSIONNUM = #{extensionnum,jdbcType=VARCHAR},
      </if>
      <if test="email != null">
        EMAIL = #{email,jdbcType=VARCHAR},
      </if>
      <if test="weixin != null">
        WEIXIN = #{weixin,jdbcType=VARCHAR},
      </if>
      <if test="qq != null">
        QQ = #{qq,jdbcType=VARCHAR},
      </if>
      <if test="enable != null">
        ENABLE = #{enable,jdbcType=CHAR},
      </if>
      <if test="createBy != null">
        CREATE_BY = #{createBy,jdbcType=VARCHAR},
      </if>
      <if test="createDate != null">
        CREATE_DATE = #{createDate,jdbcType=TIMESTAMP},
      </if>
      <if test="updateBy != null">
        UPDATE_BY = #{updateBy,jdbcType=VARCHAR},
      </if>
      <if test="updateDate != null">
        UPDATE_DATE = #{updateDate,jdbcType=TIMESTAMP},
      </if>
      <if test="delFlag != null">
        DEL_FLAG = #{delFlag,jdbcType=VARCHAR},
      </if>
      <if test="usertype != null">
        USERTYPE = #{usertype,jdbcType=VARCHAR},
      </if>
    </set>
    where ID = #{id,jdbcType=VARCHAR}
  </update>
  <update id="updateByPrimaryKey" parameterType="cn.com.flaginfo.pojo.SysUser">
    update sys_user
    set USERID = #{userid,jdbcType=VARCHAR},
      NAME = #{name,jdbcType=VARCHAR},
      PASSWORD = #{password,jdbcType=VARCHAR},
      WORKNUM = #{worknum,jdbcType=VARCHAR},
      REMARK = #{remark,jdbcType=VARCHAR},
      AREA = #{area,jdbcType=VARCHAR},
      INDUSTRY = #{industry,jdbcType=VARCHAR},
      HOSTNUM = #{hostnum,jdbcType=VARCHAR},
      EXTENSIONNUM = #{extensionnum,jdbcType=VARCHAR},
      EMAIL = #{email,jdbcType=VARCHAR},
      WEIXIN = #{weixin,jdbcType=VARCHAR},
      QQ = #{qq,jdbcType=VARCHAR},
      ENABLE = #{enable,jdbcType=CHAR},
      CREATE_BY = #{createBy,jdbcType=VARCHAR},
      CREATE_DATE = #{createDate,jdbcType=TIMESTAMP},
      UPDATE_BY = #{updateBy,jdbcType=VARCHAR},
      UPDATE_DATE = #{updateDate,jdbcType=TIMESTAMP},
      DEL_FLAG = #{delFlag,jdbcType=VARCHAR},
      USERTYPE = #{usertype,jdbcType=VARCHAR}
    where ID = #{id,jdbcType=VARCHAR}
  </update>
</mapper>